jmeter_000,o0X38sRIXGVk
jmeter_001,o0X38sRIXGVk
jmeter_002,o0X38sRIXGVk
jmeter_003,o0X38sRIXGVk
jmeter_004,o0X38sRIXGVk
jmeter_005,o0X38sRIXGVk
jmeter_006,o0X38sRIXGVk
jmeter_007,o0X38sRIXGVk
jmeter_008,o0X38sRIXGVk
jmeter_009,o0X38sRIXGVk
jmeter_010,o0X38sRIXGVk
jmeter_011,o0X38sRIXGVk
jmeter_012,o0X38sRIXGVk
jmeter_013,o0X38sRIXGVk
jmeter_014,o0X38sRIXGVk
jmeter_015,o0X38sRIXGVk
jmeter_016,o0X38sRIXGVk
jmeter_017,o0X38sRIXGVk
jmeter_018,o0X38sRIXGVk
jmeter_019,o0X38sRIXGVk
jmeter_020,o0X38sRIXGVk
jmeter_021,o0X38sRIXGVk
jmeter_022,o0X38sRIXGVk
jmeter_023,o0X38sRIXGVk
jmeter_024,o0X38sRIXGVk
jmeter_025,o0X38sRIXGVk
jmeter_026,o0X38sRIXGVk
jmeter_027,o0X38sRIXGVk
jmeter_028,o0X38sRIXGVk
jmeter_029,o0X38sRIXGVk
jmeter_030,o0X38sRIXGVk
jmeter_031,o0X38sRIXGVk
jmeter_032,o0X38sRIXGVk
jmeter_033,o0X38sRIXGVk
jmeter_034,o0X38sRIXGVk
jmeter_035,o0X38sRIXGVk
jmeter_036,o0X38sRIXGVk
jmeter_037,o0X38sRIXGVk
jmeter_038,o0X38sRIXGVk
jmeter_039,o0X38sRIXGVk
jmeter_040,o0X38sRIXGVk
jmeter_041,o0X38sRIXGVk
jmeter_042,o0X38sRIXGVk
jmeter_043,o0X38sRIXGVk
jmeter_044,o0X38sRIXGVk
jmeter_045,o0X38sRIXGVk
jmeter_046,o0X38sRIXGVk
jmeter_047,o0X38sRIXGVk
jmeter_048,o0X38sRIXGVk
jmeter_049,o0X38sRIXGVk
jmeter_050,o0X38sRIXGVk
jmeter_051,o0X38sRIXGVk
jmeter_052,o0X38sRIXGVk
jmeter_053,o0X38sRIXGVk
jmeter_054,o0X38sRIXGVk
jmeter_055,o0X38sRIXGVk
jmeter_056,o0X38sRIXGVk
jmeter_057,o0X38sRIXGVk
jmeter_058,o0X38sRIXGVk
jmeter_059,o0X38sRIXGVk
jmeter_060,o0X38sRIXGVk
jmeter_061,o0X38sRIXGVk
jmeter_062,o0X38sRIXGVk
jmeter_063,o0X38sRIXGVk
jmeter_064,o0X38sRIXGVk
jmeter_065,o0X38sRIXGVk
jmeter_066,o0X38sRIXGVk
jmeter_067,o0X38sRIXGVk
jmeter_068,o0X38sRIXGVk
jmeter_069,o0X38sRIXGVk
jmeter_070,o0X38sRIXGVk
jmeter_071,o0X38sRIXGVk
jmeter_072,o0X38sRIXGVk
jmeter_073,o0X38sRIXGVk
jmeter_074,o0X38sRIXGVk
jmeter_075,o0X38sRIXGVk
jmeter_076,o0X38sRIXGVk
jmeter_077,o0X38sRIXGVk
jmeter_078,o0X38sRIXGVk
jmeter_079,o0X38sRIXGVk
jmeter_080,o0X38sRIXGVk
jmeter_081,o0X38sRIXGVk
jmeter_082,o0X38sRIXGVk
jmeter_083,o0X38sRIXGVk
jmeter_084,o0X38sRIXGVk
jmeter_085,o0X38sRIXGVk
jmeter_086,o0X38sRIXGVk
jmeter_087,o0X38sRIXGVk
jmeter_088,o0X38sRIXGVk
jmeter_089,o0X38sRIXGVk
jmeter_090,o0X38sRIXGVk
jmeter_091,o0X38sRIXGVk
jmeter_092,o0X38sRIXGVk
jmeter_093,o0X38sRIXGVk
jmeter_094,o0X38sRIXGVk
jmeter_095,o0X38sRIXGVk
jmeter_096,o0X38sRIXGVk
jmeter_097,o0X38sRIXGVk
jmeter_098,o0X38sRIXGVk
jmeter_099,o0X38sRIXGVk
